id,qname,heading,text,type,diagram,website,updated
,PaymentMethod,Payment method,"A payment method is a standardized procedure for transferring the monetary amount for a purchase. Payment methods are characterized by the legal and technical structures used, and by the organization or group carrying out the transaction. This element is mostly used for specifying the types of payment accepted by a gr:BusinessEntity.

Examples: VISA, MasterCard, Diners, cash, or bank transfer in advance.",Class,http://purl.org/goodrelations/v1/diagrams/PaymentMethod.dot.svg,http://purl.org/goodrelations/v1/PaymentMethod,2026-07-23T22:28:42.091037
,QuantitativeValueFloat,Quantitative value float,"An instance of this class is an actual float value for a quantitative property of a product. This instance is usually characterized by a minimal value, a maximal value, and a unit of measurement.

Examples: The intervals ""between 10.0  and 25.4 kilogramms"" or ""10.2 and 15.5 milimeters"".

Compatibility with schema.org: This class is a subclass of http://schema.org/Quantity.",Class,http://purl.org/goodrelations/v1/diagrams/QuantitativeValueFloat.dot.svg,http://purl.org/goodrelations/v1/QuantitativeValueFloat,2026-07-23T22:28:42.091037
,PaymentChargeSpecification,Payment charge specification,"A payment charge specification is a conceptual entity that specifies the additional costs asked for settling the payment after accepting a given gr:Offering using a particular gr:PaymentMethod. A payment charge specification is characterized by (1) a monetary amount per order specified as a literal value of type float in combination with a Currency, (2) the payment method, and (3) a whether this charge includes local sales taxes, namely VAT.
A gr:Offering may be linked to multiple payment charge",Class,http://purl.org/goodrelations/v1/diagrams/PaymentChargeSpecification.dot.svg,http://purl.org/goodrelations/v1/PaymentChargeSpecification,2026-07-23T22:28:42.091037
,BusinessEntity,Business entity,"An instance of this class represents the legal agent making (or seeking) a particular offering. This can be a legal body or a person. A business entity has at least a primary mailing address and contact details. For this, typical address standards (vCard) and location data (geo, WGS84) can be attached. Note that the location of the business entity is not necessarily the location from which the product or service is being available (e.g. the branch or store). Use gr:Location for stores and branch",Class,http://purl.org/goodrelations/v1/diagrams/BusinessEntity.dot.svg,http://purl.org/goodrelations/v1/BusinessEntity,2026-07-23T22:28:42.091037
,ActualProductOrServiceInstance,Actual product or service instance (DEPRECATED),"DEPRECATED - This class is superseded by gr:Individual. Replace all occurrences of gr:ActualProductOrServiceInstance by gr:Individual, if possible.",Class,http://purl.org/goodrelations/v1/diagrams/ActualProductOrServiceInstance.dot.svg,http://purl.org/goodrelations/v1/ActualProductOrServiceInstance,2026-07-23T22:28:42.091037
,QualitativeValue,Qualitative value,"A qualitative value is a predefined value for a product characteristic. 
	
Examples: the color ""green"" or the power cord plug type ""US""; the garment sizes ""S"", ""M"", ""L"", and ""XL"".
	
Note: Value sets are supported by creating subclasses of this class. Ordinal relations between values (gr:greater, gr:lesser, ...) are provided directly by GoodRelations.

Compatibility with schema.org: This class is equivalent to http://schema.org/Enumeration.",Class,http://purl.org/goodrelations/v1/diagrams/QualitativeValue.dot.svg,http://purl.org/goodrelations/v1/QualitativeValue,2026-07-23T22:28:42.091037
,PriceSpecification,Price specification,The superclass of all price specifications.,Class,http://purl.org/goodrelations/v1/diagrams/PriceSpecification.dot.svg,http://purl.org/goodrelations/v1/PriceSpecification,2026-07-23T22:28:42.091037
,QuantitativeValueInteger,Quantitative value integer,"An instance of this class is an actual integer value for a quantitative property of a product. This instance is usually characterized by a minimal value, a maximal value, and a unit of measurement. 

Example: A seating capacity between 1 and 8 persons.

Note: Users must keep in mind that ranges in here mean that ALL possible values in this interval are covered. (Sometimes, the actual commitment may be less than that: ""We sell cars from 2 - 12 seats"" does often not really mean that they have cars",Class,http://purl.org/goodrelations/v1/diagrams/QuantitativeValueInteger.dot.svg,http://purl.org/goodrelations/v1/QuantitativeValueInteger,2026-07-23T22:28:42.091037
,PaymentMethodCreditCard,Payment method credit card,"The subclass of gr:PaymentMethod represents all variants and brands of credit or debit cards as a standardized procedure for transferring the monetary amount for a purchase. It is mostly used for specifying the types of payment accepted by a gr:Business Entity.

Examples: VISA, MasterCard, or American Express.",Class,http://purl.org/goodrelations/v1/diagrams/PaymentMethodCreditCard.dot.svg,http://purl.org/goodrelations/v1/PaymentMethodCreditCard,2026-07-23T22:28:42.091037
,WarrantyPromise,Warranty promise,"This is a conceptual entity that holds together all aspects of the n-ary relation gr:hasWarrantyPromise.

A Warranty promise is an entity representing the duration and scope of services that will be provided to a customer free of charge in case of a defect or malfunction of the gr:ProductOrService. A warranty promise is characterized by its temporal duration (usually starting with the date of purchase) and its gr:WarrantyScope. The warranty scope represents the types of services provided (e.g. l",Class,http://purl.org/goodrelations/v1/diagrams/WarrantyPromise.dot.svg,http://purl.org/goodrelations/v1/WarrantyPromise,2026-07-23T22:28:42.091037
,N-Ary-Relations,N-ary relations (DEPRECATED),"This is the superclass for all classes that are placeholders for n-ary relations, which OWL cannot represent.
DEPRECATED. Do not use this class in data or queries.",Class,http://purl.org/goodrelations/v1/diagrams/N-Ary-Relations.dot.svg,http://purl.org/goodrelations/v1/N-Ary-Relations,2026-07-23T22:28:42.091037
,Location,Location,"A location is a point or area of interest from which a particular product or service is available, e.g. a store, a bus stop, a gas station, or a ticket booth. The difference to gr:BusinessEntity is that the gr:BusinessEntity is the legal entity (e.g. a person or corporation) making the offer, while gr:Location is the store, office, or place. A chain restaurant will e.g. have one legal entity but multiple restaurant locations. Locations are characterized by an address or geographical position and",Class,http://purl.org/goodrelations/v1/diagrams/Location.dot.svg,http://purl.org/goodrelations/v1/Location,2026-07-23T22:28:42.091037
,BusinessEntityType,Business entity type,"A business entity type is a conceptual entity representing the legal form, the size, the main line of business, the position in the value chain, or any combination thereof, of a gr:BusinessEntity. From the ontological point of view, business entity types are mostly roles that a business entity has in the market. Business entity types are important for specifying eligible customers, since a gr:Offering is often valid only for business entities of a certain size, legal structure, or role in the va",Class,http://purl.org/goodrelations/v1/diagrams/BusinessEntityType.dot.svg,http://purl.org/goodrelations/v1/BusinessEntityType,2026-07-23T22:28:42.091037
,DeliveryModeParcelService,Delivery mode parcel service,"A private parcel service as the delivery mode available for a certain offering.

Examples: UPS, DHL",Class,http://purl.org/goodrelations/v1/diagrams/DeliveryModeParcelService.dot.svg,http://purl.org/goodrelations/v1/DeliveryModeParcelService,2026-07-23T22:28:42.091037
,ProductOrService,Product or service,"The superclass of all classes describing products or services types, either by nature or purpose. Examples for such subclasses are ""TV set"", ""vacuum cleaner"", etc. An instance of this class can be either an actual product or service (gr:Individual), a placeholder instance for unknown instances of a mass-produced commodity (gr:SomeItems), or a model / prototype specification (gr:ProductOrServiceModel). When in doubt, use gr:SomeItems.

Examples: 
a) MyCellphone123, i.e. my personal, tangible cell",Class,http://purl.org/goodrelations/v1/diagrams/ProductOrService.dot.svg,http://purl.org/goodrelations/v1/ProductOrService,2026-07-23T22:28:42.091037
,TypeAndQuantityNode,Type and quantity node,"This class collates all the information about a gr:ProductOrService included in a bundle. If a gr:Offering contains just one item, you can directly link from the gr:Offering to the gr:ProductOrService using gr:includes. If the offering contains multiple items, use an instance of this class for each component to indicate the quantity, unit of measurement, and type of product, and link from the gr:Offering via gr:includesObject.

Example: An offering may include of 100g of Butter and 1 kg of potat",Class,http://purl.org/goodrelations/v1/diagrams/TypeAndQuantityNode.dot.svg,http://purl.org/goodrelations/v1/TypeAndQuantityNode,2026-07-23T22:28:42.091037
,ProductOrServiceModel,Product or service model,"A product or service model is a intangible entity that specifies some characteristics of a group of similar, usually mass-produced products, in the sense of a prototype. In case of mass-produced products, there exists a relation gr:hasMakeAndModel between the actual product or service (gr:Individual or gr:SomeItems) and the prototype (gr:ProductOrServiceModel). GoodRelations treats product or service models as ""prototypes"" instead of a completely separate kind of entities, because this allows us",Class,http://purl.org/goodrelations/v1/diagrams/ProductOrServiceModel.dot.svg,http://purl.org/goodrelations/v1/ProductOrServiceModel,2026-07-23T22:28:42.091037
,OpeningHoursSpecification,Opening hours specification,This is a conceptual entity that holds together all information about the opening hours on a given day (gr:DayOfWeek).,Class,http://purl.org/goodrelations/v1/diagrams/OpeningHoursSpecification.dot.svg,http://purl.org/goodrelations/v1/OpeningHoursSpecification,2026-07-23T22:28:42.091037
,UnitPriceSpecification,Unit price specification,"A unit price specification is a conceptual entity that specifies the price asked for a given gr:Offering by the respective gr:Business Entity. An offering may be linked to multiple unit price specifications that specify alternative prices for non-overlapping sets of conditions (e.g. quantities or sales regions) or with differing validity periods. 

A unit price specification is characterized by (1) the lower and upper limits and the unit of measurement of the eligible quantity, (2) by a monetary",Class,http://purl.org/goodrelations/v1/diagrams/UnitPriceSpecification.dot.svg,http://purl.org/goodrelations/v1/UnitPriceSpecification,2026-07-23T22:28:42.091037
,Offering,Offering,"An offering represents the public, not necessarily binding, not necessarily exclusive, announcement by a gr:BusinessEntity to provide (or seek) a certain gr:BusinessFunction for a certain gr:ProductOrService to a specified target audience. An offering is specified by the type of product or service or bundle it refers to, what business function is being offered (sales, rental, ...), and a set of commercial properties. It can either refer to 
(1) a clearly specified instance (gr:Individual),
(2) t",Class,http://purl.org/goodrelations/v1/diagrams/Offering.dot.svg,http://purl.org/goodrelations/v1/Offering,2026-07-23T22:28:42.091037
,ProductOrServicesSomeInstancesPlaceholder,Product or services some instances placeholder (DEPRECATED),"DEPRECATED - This class is superseded by gr:SomeItems. Replace all occurrences of gr:ProductOrServicesSomeInstancesPlaceholder by gr:SomeItems, if possible.",Class,http://purl.org/goodrelations/v1/diagrams/ProductOrServicesSomeInstancesPlaceholder.dot.svg,http://purl.org/goodrelations/v1/ProductOrServicesSomeInstancesPlaceholder,2026-07-23T22:28:42.091037
,QuantitativeValue,Quantitative value,"A quantitative value is a numerical interval that represents the range of a certain gr:quantitativeProductOrServiceProperty in terms of the lower and upper bounds for a particular gr:ProductOrService. It is to be interpreted in combination with the respective unit of measurement. Most quantitative values are intervals even if they are in practice often treated as a single point value.
	
Example: a weight between 10 and 25 kilogramms, a length between 10 and 15 milimeters.

Compatibility with sch",Class,http://purl.org/goodrelations/v1/diagrams/QuantitativeValue.dot.svg,http://purl.org/goodrelations/v1/QuantitativeValue,2026-07-23T22:28:42.091037
,DeliveryChargeSpecification,Delivery charge specification,"A delivery charge specification is a conceptual entity that specifies the additional costs asked for the delivery of a given gr:Offering using a particular gr:DeliveryMethod by the respective gr:BusinessEntity. A delivery charge specification is characterized by (1) a monetary amount per order, specified as a literal value of type float in combination with a currency, (2) the delivery method, (3) the target country or region, and (4)  whether this charge includes local sales taxes, namely VAT.
A",Class,http://purl.org/goodrelations/v1/diagrams/DeliveryChargeSpecification.dot.svg,http://purl.org/goodrelations/v1/DeliveryChargeSpecification,2026-07-23T22:28:42.091037
,BusinessFunction,Business function,"The business function specifies the type of activity or access (i.e., the bundle of rights) offered by the gr:BusinessEntity on the gr:ProductOrService through the gr:Offering. Typical are sell, rental or lease, maintenance or repair, manufacture / produce, recycle / dispose, engineering / construction, or installation.

Licenses and other proprietary specifications of access rights are also instances of this class.

Examples: A particular offering made by Miller Rentals Ltd. says that they (1) ",Class,http://purl.org/goodrelations/v1/diagrams/BusinessFunction.dot.svg,http://purl.org/goodrelations/v1/BusinessFunction,2026-07-23T22:28:42.091037
,SomeItems,Some items,"A placeholder instance for unknown instances of a mass-produced commodity. This is used as a computationally cheap work-around for such instances that are not individually exposed on the Web but just stated to exist (i.e., which are existentially quantified).

Example: An instance of this class can represent an anonymous set of green Siemens1234 phones. It is different from the gr:ProductOrServiceModel Siemens1234, since this refers to the make and model, and it is different from a particular in",Class,http://purl.org/goodrelations/v1/diagrams/SomeItems.dot.svg,http://purl.org/goodrelations/v1/SomeItems,2026-07-23T22:28:42.091037
,Individual,Individual,"A gr:Individual is an actual product or service instance, i.e., a single identifiable object or action that creates some increase in utility (in the economic sense) for the individual possessing or using this very object (product) or for the individual in whose favor this very action is being taken (service). Products or services are types of goods in the economic sense. For an overview of goods and commodities in economics, see Milgate (1987).

Examples: MyThinkpad T60, the pint of beer standin",Class,http://purl.org/goodrelations/v1/diagrams/Individual.dot.svg,http://purl.org/goodrelations/v1/Individual,2026-07-23T22:28:42.091037
,LocationOfSalesOrServiceProvisioning,Location of sales or service provisioning (DEPRECATED),"DEPRECATED - This class is superseded by gr:Location. Replace all occurrences of gr:LocationOfSalesOrServiceProvisioning by gr:Location, if possible.",Class,http://purl.org/goodrelations/v1/diagrams/LocationOfSalesOrServiceProvisioning.dot.svg,http://purl.org/goodrelations/v1/LocationOfSalesOrServiceProvisioning,2026-07-23T22:28:42.091037
,DeliveryMethod,Delivery method,"A delivery method is a standardized procedure for transferring the product or service to the destination of fulfilment chosen by the customer. Delivery methods are characterized by the means of transportation used, and by the organization or group that is the contracting party for the sending gr:BusinessEntity (this is important, since the contracted party may subcontract the fulfilment to smaller, regional businesses).

Examples: Delivery by mail, delivery by direct download, delivery by UPS",Class,http://purl.org/goodrelations/v1/diagrams/DeliveryMethod.dot.svg,http://purl.org/goodrelations/v1/DeliveryMethod,2026-07-23T22:28:42.091037
,WarrantyScope,Warranty scope,"The warranty scope represents types of services that will be provided free of charge by the vendor or manufacturer in the case of a defect (e.g. labor and parts, just parts), as part of the warranty included in an gr:Offering. The actual services may be provided by the gr:BusinessEntity making the offering, by the manufacturer of the product, or by a third party. 

Examples: Parts and Labor, Parts",Class,http://purl.org/goodrelations/v1/diagrams/WarrantyScope.dot.svg,http://purl.org/goodrelations/v1/WarrantyScope,2026-07-23T22:28:42.091037
,DayOfWeek,Day of week,"The day of the week, used to specify  to which day the opening hours of a gr:OpeningHoursSpecification refer.

Examples: Monday, Tuesday, Wednesday,...",Class,http://purl.org/goodrelations/v1/diagrams/DayOfWeek.dot.svg,http://purl.org/goodrelations/v1/DayOfWeek,2026-07-23T22:28:42.091037
,Brand,Brand,"A brand is the identity of a specific product, service, or business. Use foaf:logo for attaching a brand logo and gr:name or rdfs:label for attaching the brand name.	

(Source: Wikipedia, the free encyclopedia, see http://en.wikipedia.org/wiki/Brand)",Class,http://purl.org/goodrelations/v1/diagrams/Brand.dot.svg,http://purl.org/goodrelations/v1/Brand,2026-07-23T22:28:42.091037
,License,License,"A license is the specification of a bundle of rights that determines the type of activity or access offered by the gr:BusinessEntity on the gr:ProductOrService through the gr:Offering.
	
Licenses can be standardized (e.g. LPGL, Creative Commons, ...), vendor-specific, or individually defined for a single offer or product. Whether there is a fee for obtaining the license is specified using the gr:UnitPriceSpecification attached to the gr:Offering. Use foaf:page for linking to a document containin",Class,http://purl.org/goodrelations/v1/diagrams/License.dot.svg,http://purl.org/goodrelations/v1/License,2026-07-23T22:28:42.091037
,acceptedPaymentMethods,accepted payment methods (0..*),The gr:PaymentMethod or methods accepted by the gr:BusinessEntity for the given gr:Offering.,ObjectProperty,,http://purl.org/goodrelations/v1/acceptedPaymentMethods,2026-07-23T22:28:42.091037
,addOn,add-on (0..*),This property points from a gr:Offering to additional offerings that can only be obtained in combination with the first offering. This can be used to model supplements and extensions that are available for a surcharge. Any gr:PriceSpecification attached to the secondary offering is to be understood as an additional charge.,ObjectProperty,,http://purl.org/goodrelations/v1/addOn,2026-07-23T22:28:42.091037
,advanceBookingRequirement,advance booking requirement (0..1),"The minimal and maximal amount of time that is required between accepting the gr:Offering and the actual usage of the resource or service. This is mostly relevant for offers regarding hotel rooms, the rental of objects, or the provisioning of services. The duration is specified relatively to the beginning of the usage of the contracted object. It is represented by attaching an instance of the class gr:QuantitativeValueInteger. The lower and upper boundaries are specified using the properties gr:",ObjectProperty,,http://purl.org/goodrelations/v1/advanceBookingRequirement,2026-07-23T22:28:42.091037
,appliesToDeliveryMethod,applies to delivery method (0..*),This property specifies the gr:DeliveryMethod to which the gr:DeliveryChargeSpecification applies.,ObjectProperty,,http://purl.org/goodrelations/v1/appliesToDeliveryMethod,2026-07-23T22:28:42.091037
,appliesToPaymentMethod,applies to payment method (1..*),This property specifies the gr:PaymentMethod to which the gr:PaymentChargeSpecification applies.,ObjectProperty,,http://purl.org/goodrelations/v1/appliesToPaymentMethod,2026-07-23T22:28:42.091037
,availableAtOrFrom,available at or from (0..*),This states that a particular gr:Offering is available at or from the given gr:Location (e.g. shop or branch).,ObjectProperty,,http://purl.org/goodrelations/v1/availableAtOrFrom,2026-07-23T22:28:42.091037
,availableDeliveryMethods,available delivery methods (0..*),This specifies the gr:DeliveryMethod or methods available for a given gr:Offering.,ObjectProperty,,http://purl.org/goodrelations/v1/availableDeliveryMethods,2026-07-23T22:28:42.091037
,deliveryLeadTime,delivery lead time (0..1),"This property can be used to indicate the promised delay between the receipt of the order and the goods leaving the warehouse.

The duration is specified by attaching an instance of gr:QuantitativeValueInteger. The lower and upper boundaries are specified using the properties gr:hasMinValueInteger and gr:hasMaxValueInteger to that instance. A point value can be modeled with the gr:hasValueInteger property. The unit of measurement is specified using the property gr:hasUnitOfMeasurement with a str",ObjectProperty,,http://purl.org/goodrelations/v1/deliveryLeadTime,2026-07-23T22:28:42.091037
,depth,depth (0..1),"The depth of the product.
Typical unit code(s): CMT for centimeters, INH for inches",ObjectProperty,,http://purl.org/goodrelations/v1/depth,2026-07-23T22:28:42.091037
,eligibleCustomerTypes,eligible customer types (0..*),The types of customers (gr:BusinessEntityType) for which the given gr:Offering is valid.,ObjectProperty,,http://purl.org/goodrelations/v1/eligibleCustomerTypes,2026-07-23T22:28:42.091037
,eligibleDuration,eligible duration (0..1),"The minimal and maximal duration for which the given gr:Offering or gr:License is valid. This is mostly used for offers regarding accommodation, the rental of objects, or software licenses. The duration is specified by attaching an instance of gr:QuantitativeValue. The lower and upper boundaries are specified using the properties gr:hasMinValue and gr:hasMaxValue to that instance. If they are the same, use the gr:hasValue property. The unit of measurement is specified using the property gr:hasUn",ObjectProperty,,http://purl.org/goodrelations/v1/eligibleDuration,2026-07-23T22:28:42.091037
,eligibleTransactionVolume,eligible transaction volume (0..1),"This property can be used to indicate the transaction volume, in a monetary unit, for which the gr:Offering or gr:PriceSpecification is valid. This is mostly used to specify a minimal purchasing volume, to express free shipping above a certain order volume, or to limit the acceptance of credit cards to purchases above a certain amount.

The object is a gr:PriceSpecification that uses the properties gr:hasMaxCurrencyValue and gr:hasMinCurrencyValue to indicate the lower and upper boundaries and g",ObjectProperty,,http://purl.org/goodrelations/v1/eligibleTransactionVolume,2026-07-23T22:28:42.091037
,hasBrand,has brand (0..*),"This specifies the brand or brands (gr:Brand) associated with a gr:ProductOrService, or the brand or brands maintained by a gr:BusinessEntity.",ObjectProperty,,http://purl.org/goodrelations/v1/hasBrand,2026-07-23T22:28:42.091037
,hasBusinessFunction,has business function (1..*),"This specifies the business function of the gr:Offering, i.e. whether the gr:BusinessEntity is offering to sell, to lease, or to repair the particular type of product. In the case of bundles, it is also possible to attach individual business functions to each gr:TypeAndQuantityNode. The business function of the main gr:Offering determines the business function for all included objects or services, unless a business function attached to a gr:TypeAndQuantityNode overrides it.
	
Note: While it is p",ObjectProperty,,http://purl.org/goodrelations/v1/hasBusinessFunction,2026-07-23T22:28:42.091037
,hasEligibleQuantity,has eligible quantity (0..1),"This specifies the interval and unit of measurement of ordering quantities for which the gr:Offering or gr:PriceSpecification is valid. This allows e.g. specifying that a certain freight charge is valid only for a certain quantity.
Note that if an offering is a bundle, i.e. it consists of more than one unit of a single type of good, or if the unit of measurement for the good is different from unit (Common Code C62), then gr:hasEligibleQuantity refers to units of this bundle. In other words, ""C62",ObjectProperty,,http://purl.org/goodrelations/v1/hasEligibleQuantity,2026-07-23T22:28:42.091037
,hasInventoryLevel,has inventory level (0..1),"This property specifies the current approximate inventory level for gr:SomeItems. The unit of measurement and the point value or interval are indicated using the attached gr:QuantitativeValueFloat instance.

This property can also be attached to a gr:Offering in cases where the included products are not modeled in more detail.",ObjectProperty,,http://purl.org/goodrelations/v1/hasInventoryLevel,2026-07-23T22:28:42.091037
,hasMakeAndModel,has make and model (0..1),"This states that an actual product instance (gr:Individual) or a placeholder instance for multiple, unidentified such instances (gr:SomeItems) is one occurence of a particular gr:ProductOrServiceModel.

Example: myFordT hasMakeAndModel FordT.",ObjectProperty,,http://purl.org/goodrelations/v1/hasMakeAndModel,2026-07-23T22:28:42.091037
,hasOpeningHoursDayOfWeek,has opening hours day of week (1..*),"This specifies the gr:DayOfWeek to which the gr:OpeningHoursSpecification is related.

Note: Use multiple instances of gr:OpeningHoursSpecification for specifying the opening hours for multiple days if the opening hours differ.",ObjectProperty,,http://purl.org/goodrelations/v1/hasOpeningHoursDayOfWeek,2026-07-23T22:28:42.091037
,hasOpeningHoursSpecification,has opening hours specification (0..*),This property links a gr:Location to a gr:OpeningHoursSpecification.,ObjectProperty,,http://purl.org/goodrelations/v1/hasOpeningHoursSpecification,2026-07-23T22:28:42.091037
,hasPOS,has POS (0..*),This property states that the respective gr:Location is a point of sale for the respective gr:BusinessEntity. It allows linking those two types of entities without the need for a particular gr:Offering.,ObjectProperty,,http://purl.org/goodrelations/v1/hasPOS,2026-07-23T22:28:42.091037
,hasPriceSpecification,has price specification (0..*),"This links a gr:Offering to a gr:PriceSpecification or specifications. There can be unit price specifications, payment charge specifications, and delivery charge specifications. For each type, multiple specifications for the same gr:Offering are possible, e.g. for different quantity ranges or for different currencies, or for different combinations of gr:DeliveryMethod and target destinations.

Recommended retail prices etc. can be marked by the gr:priceType property of the gr:UnitPriceSpecificat",ObjectProperty,,http://purl.org/goodrelations/v1/hasPriceSpecification,2026-07-23T22:28:42.091037
,hasWarrantyPromise,has warranty promise (0..*),This specifies the gr:WarrantyPromise made by the gr:BusinessEntity for the given gr:Offering.,ObjectProperty,,http://purl.org/goodrelations/v1/hasWarrantyPromise,2026-07-23T22:28:42.091037
,hasWarrantyScope,has warranty scope (0..1),This states the gr:WarrantyScope of a given gr:WarrantyPromise.,ObjectProperty,,http://purl.org/goodrelations/v1/hasWarrantyScope,2026-07-23T22:28:42.091037
,height,height (0..1),"The height of the product.
Typical unit code(s): CMT for centimeters, INH for inches",ObjectProperty,,http://purl.org/goodrelations/v1/height,2026-07-23T22:28:42.091037
,includes,includes (0..1),"This object property is a shortcut for the original gr:includesObject property for the common case of having exactly one single gr:ProductOrService instance included in an Offering. 

When linking to an instance of gr:SomeItems or gr:Individual, it is equivalent to using a gr:TypeAndQuantityNode with gr:hasUnitOfMeasurement=""C62""^^xsd:string and gr:amountOfThisGood=""1.0""^^xsd:float for that good.

When linking to a gr:ProductOrServiceModel, it is equivalent to 
1. defining an blank node for a gr",ObjectProperty,,http://purl.org/goodrelations/v1/includes,2026-07-23T22:28:42.091037
,includesObject,includes object (0..*),This object property links a gr:Offering to one or multiple gr:TypeAndQuantityNode or nodes that specify the components that are included in the respective offer.,ObjectProperty,,http://purl.org/goodrelations/v1/includesObject,2026-07-23T22:28:42.091037
,isAccessoryOrSparePartFor,is accessory or spare part for (0..*),This states that a particular gr:ProductOrService is an accessory or spare part for another product or service.,ObjectProperty,,http://purl.org/goodrelations/v1/isAccessoryOrSparePartFor,2026-07-23T22:28:42.091037
,isConsumableFor,is consumable for (0..*),This states that a particular gr:ProductOrService is a consumable for another product or service.,ObjectProperty,,http://purl.org/goodrelations/v1/isConsumableFor,2026-07-23T22:28:42.091037
,isSimilarTo,is similar to (0..*),"This states that a given gr:ProductOrService is similar to another product or service. Of course, this is a subjective statement; when interpreting it, the trust in the origin of the statement should be taken into account.",ObjectProperty,,http://purl.org/goodrelations/v1/isSimilarTo,2026-07-23T22:28:42.091037
,isVariantOf,is variant of (0..1),"This states that a particular gr:ProductOrServiceModel is a variant of another product or service model. It is pretty safe to infer that the variant inherits all gr:quantitativeProductOrServiceProperty, gr:qualitativeProductOrServiceProperty, and gr:datatypeProductOrServiceProperty values that are defined for the first gr:ProductOrServiceModel.

Example:
foo:Red_Ford_T_Model gr:isVariantOf foo:Ford_T_Model",ObjectProperty,,http://purl.org/goodrelations/v1/isVariantOf,2026-07-23T22:28:42.091037
,offers,offers (0..*),"This links a gr:BusinessEntity to the offers (gr:Offering) it makes. If you want to express interest in receiving offers, use gr:seeks instead.",ObjectProperty,,http://purl.org/goodrelations/v1/offers,2026-07-23T22:28:42.091037
,owns,owns (0..*),"This property indicates that a particular person or business owns a particular product. It can be used to expose the products in one's posession in order to empower recommender systems to suggest matching offers.

Note that the product must be an instance of the class gr:Individual.

This property can also be safely applied to foaf:Agent instances.",ObjectProperty,,http://purl.org/goodrelations/v1/owns,2026-07-23T22:28:42.091037
,qualitativeProductOrServiceProperty,qualitative product or service property (0..*),This is the super property of all qualitative properties for products and services. All properties in product or service ontologies for which gr:QualitativeValue instances are specified are subproperties of this property.,ObjectProperty,,http://purl.org/goodrelations/v1/qualitativeProductOrServiceProperty,2026-07-23T22:28:42.091037
,seeks,seeks (0..*),"This links a gr:BusinessEntity to gr:Offering nodes that describe what the business entity is interested in (i.e., the buy side). If you want to express interest in offering something, use gr:offers instead. Note that this substitutes the former gr:BusinessFunction gr:Buy, which is now deprecated.",ObjectProperty,,http://purl.org/goodrelations/v1/seeks,2026-07-23T22:28:42.091037
,typeOfGood,type of good (1..1),This specifies the gr:ProductOrService that the gr:TypeAndQuantityNode is referring to.,ObjectProperty,,http://purl.org/goodrelations/v1/typeOfGood,2026-07-23T22:28:42.091037
,valueReference,value reference (0..*),The superclass of properties that link a gr:QuantitativeValue or a gr:QualitativeValue to a second gr:QuantitativeValue or a gr:QualitativeValue that provides additional information on the original value. A good modeling practice is to define specializations of this property (e.g. foo:referenceTemperature) for your particular domain.,ObjectProperty,,http://purl.org/goodrelations/v1/valueReference,2026-07-23T22:28:42.091037
,weight,weight (0..1),"The weight of the gr:ProductOrService.
Typical unit code(s): GRM for gram, KGM for kilogram, LBR for pound",ObjectProperty,,http://purl.org/goodrelations/v1/weight,2026-07-23T22:28:42.091037
,width,width (0..1),"The width of the gr:ProductOrService.
Typical unit code(s): CMT for centimeters, INH for inches",ObjectProperty,,http://purl.org/goodrelations/v1/width,2026-07-23T22:28:42.091037
,equal,equal (0..*),This ordering relation for qualitative values indicates that the subject is equal to the object.,ObjectProperty,,http://purl.org/goodrelations/v1/equal,2026-07-23T22:28:42.091037
,greater,greater (0..*),This ordering relation for qualitative values indicates that the subject is greater than the object.,ObjectProperty,,http://purl.org/goodrelations/v1/greater,2026-07-23T22:28:42.091037
,greaterOrEqual,greater or equal (0..*),This ordering relation for qualitative values indicates that the subject is greater than or equal to the object.,ObjectProperty,,http://purl.org/goodrelations/v1/greaterOrEqual,2026-07-23T22:28:42.091037
,hasManufacturer,has manufacturer (0..1),This object property links a gr:ProductOrService to the gr:BusinessEntity that produces it. Mostly used with gr:ProductOrServiceModel.,ObjectProperty,,http://purl.org/goodrelations/v1/hasManufacturer,2026-07-23T22:28:42.091037
,hasNext,has next (0..1),"This ordering relation for gr:DayOfWeek indicates that the subject is directly followed by the object.

Example: Monday hasNext Tuesday

Since days of the week are a cycle, this property is not transitive.",ObjectProperty,,http://purl.org/goodrelations/v1/hasNext,2026-07-23T22:28:42.091037
,hasPrevious,has previous (0..1),"This ordering relation for gr:DayOfWeek indicates that the subject is directly preceeded by the object.

Example: Tuesday hasPrevious Monday

Since days of the week are a cycle, this property is not transitive.",ObjectProperty,,http://purl.org/goodrelations/v1/hasPrevious,2026-07-23T22:28:42.091037
,lesser,lesser (0..*),This ordering relation for gr:QualitativeValue pairs indicates that the subject is lesser than the object.,ObjectProperty,,http://purl.org/goodrelations/v1/lesser,2026-07-23T22:28:42.091037
,lesserOrEqual,lesser or equal (0..*),This ordering relation for gr:QualitativeValue pairs indicates that the subject is lesser than or equal to the object.,ObjectProperty,,http://purl.org/goodrelations/v1/lesserOrEqual,2026-07-23T22:28:42.091037
,nonEqual,non equal (0..*),This ordering relation for gr:QualitativeValue pairs indicates that the subject is not equal to the object.,ObjectProperty,,http://purl.org/goodrelations/v1/nonEqual,2026-07-23T22:28:42.091037
,predecessorOf,predecessor of (0..*),"This property indicates that the subject is a previous, often discontinued variant of the gr:ProductOrServiceModel used as the object.

Example: Golf III predecessorOf Golf IV

This relation is transitive.",ObjectProperty,,http://purl.org/goodrelations/v1/predecessorOf,2026-07-23T22:28:42.091037
,successorOf,successor of (0..*),"This property indicates that the subject is a newer, often updated or improved variant of the gr:ProductOrServiceModel used as the object.

Example: Golf III successorOf Golf II

This relation is transitive.",ObjectProperty,,http://purl.org/goodrelations/v1/successorOf,2026-07-23T22:28:42.091037
,quantitativeProductOrServiceProperty,quantitative product or service property (0..*),"This is the super property of all quantitative  properties for products and services. All properties in product or service ontologies that specify quantitative characteristics, for which an interval is at least theoretically an appropriate value, are subproperties of this property.",ObjectProperty,,http://purl.org/goodrelations/v1/quantitativeProductOrServiceProperty,2026-07-23T22:28:42.091037
,amountOfThisGood,amount of this good (1..1),This property specifies the quantity of the goods included in the gr:Offering via this gr:TypeAndQuantityNode. The quantity is given in the unit of measurement attached to the gr:TypeAndQuantityNode.,DatatypeProperty,,http://purl.org/goodrelations/v1/amountOfThisGood,2026-07-23T22:28:42.091037
,availabilityEnds,availability ends (0..1),"This property specifies the end of the availability of the gr:ProductOrService included in the gr:Offering.
The difference to the properties gr:validFrom and gr:validThrough is that those specify the period of time during which the offer is valid and can be accepted.

Example: I offer to lease my boat for the period of August 1 - August 31, 2010, but you must accept by offer no later than July 15.

A time-zone should be specified. For a time in GMT/UTC, simply add a ""Z"" following the time:

2008",DatatypeProperty,,http://purl.org/goodrelations/v1/availabilityEnds,2026-07-23T22:28:42.091037
,availabilityStarts,availability starts (0..1),"This property specifies the beginning of the availability of the gr:ProductOrService included in the gr:Offering.
The difference to the properties gr:validFrom and gr:validThrough is that those specify the period of time during which the offer is valid and can be accepted.

Example: I offer to lease my boat for the period of August 1 - August 31, 2010, but you must accept by offer no later than July 15.

A time-zone should be specified. For a time in GMT/UTC, simply add a ""Z"" following the time:",DatatypeProperty,,http://purl.org/goodrelations/v1/availabilityStarts,2026-07-23T22:28:42.091037
,billingIncrement,billing increment (0..1),"This property specifies the minimal quantity and rounding increment that will be the basis for the billing. 
The unit of measurement is specified by the UN/CEFACT code attached to the gr:UnitPriceSpecification via the gr:hasUnitOfMeasurement property.

Examples: 
- The price for gasoline is 4 USD per gallon at the pump, but you will be charged in units of 0.1 gallons.
- The price for legal consulting is 100 USD per hour, but you will be charged in units of 15 minutes.

This property makes sense ",DatatypeProperty,,http://purl.org/goodrelations/v1/billingIncrement,2026-07-23T22:28:42.091037
,category,category (0..*),"The name of a category to which this gr:ProductOrService, gr:Offering, gr:BusinessEntity, or gr:Location belongs.
	
Note 1: For products, it is better to add an rdf:type statement referring to a GoodRelations-compliant ontology for vertical industries instead, but if you just have a short text label, gr:category is simpler.
Note 2: You can use greater signs or slashes to informally indicate a category hierarchy, e.g. ""restaurants/asian_restaurants"" or ""cables > usb_cables""
",DatatypeProperty,,http://purl.org/goodrelations/v1/category,2026-07-23T22:28:42.091037
,closes,closes (1..1),"The closing  hour of the gr:Location on the given gr:DayOfWeek.
If no time-zone suffix is included, the time is given in the local time valid at the gr:Location.

For a time in GMT/UTC, simply add a ""Z"" following the time:

09:30:10Z.

Alternatively, you can specify an offset from the UTC time by adding a positive or negative time following the time:

09:30:10-09:00

09:30:10+09:00.

Note 1: Use 00:00:00 for the first second of the respective day and 23:59:59 for the last second of that day.
Not",DatatypeProperty,,http://purl.org/goodrelations/v1/closes,2026-07-23T22:28:42.091037
,color,color (0..1),The color of the product.,DatatypeProperty,,http://purl.org/goodrelations/v1/color,2026-07-23T22:28:42.091037
,condition,condition (0..1),"A textual description of the condition of the product or service, or the products or services included in the offer (when attached to a gr:Offering)",DatatypeProperty,,http://purl.org/goodrelations/v1/condition,2026-07-23T22:28:42.091037
,durationOfWarrantyInMonths,duration of warranty in months (0..1),This property specifies the duration of the gr:WarrantyPromise in months.,DatatypeProperty,,http://purl.org/goodrelations/v1/durationOfWarrantyInMonths,2026-07-23T22:28:42.091037
,eligibleRegions,eligible regions (0..*),"This property specifies the geo-political region or regions for which the gr:Offering, gr:License, or gr:DeliveryChargeSpecification is valid using the two-character version of ISO 3166-1 (ISO 3166-1 alpha-2)  for regions or ISO 3166-2 , which breaks down the countries from ISO 3166-1 into administrative subdivisions.

Important: Do NOT use 3-letter ISO 3166-1 codes!",DatatypeProperty,,http://purl.org/goodrelations/v1/eligibleRegions,2026-07-23T22:28:42.091037
,hasCurrency,has currency (1..1),The currency for all prices in the gr:PriceSpecification given using the ISO 4217 standard (3 characters).,DatatypeProperty,,http://purl.org/goodrelations/v1/hasCurrency,2026-07-23T22:28:42.091037
,hasCurrencyValue,has currency value (0..1),"This property specifies the amount of money for a price per unit, shipping charges, or payment charges. The currency and other relevant details are attached to the respective gr:PriceSpecification etc.

For a gr:UnitPriceSpecification, this is the price for one unit or bundle (as specified in the unit of measurement of the unit price specification) of the respective gr:ProductOrService. For a gr:DeliveryChargeSpecification or a gr:PaymentChargeSpecification, it is the price per delivery or payme",DatatypeProperty,,http://purl.org/goodrelations/v1/hasCurrencyValue,2026-07-23T22:28:42.091037
,hasDUNS,has DUNS (0..1),The Dun & Bradstreet DUNS number for identifying a gr:BusinessEntity. The Dun & Bradstreet DUNS is a nine-digit number used to identify legal entities (but usually not branches or locations of logistical importance only).,DatatypeProperty,,http://purl.org/goodrelations/v1/hasDUNS,2026-07-23T22:28:42.091037
,hasEAN_UCC-13,has EAN/UCC-13 (0..*),"The EAN·UCC-13 code of the given gr:ProductOrService or gr:Offering. This code is now officially called GTIN-13 (Global Trade Identifier Number) or EAN·UCC-13. Former 12-digit UPC codes can be converted into EAN·UCC-13 code by simply adding a preceeding zero.

Note 1: When using this property for searching by 12-digit UPC codes, you must add a preceeding zero digit.
Note 2: As of January 1, 2007, the former ISBN numbers for books etc. have been integrated into the EAN·UCC-13 code. For each old I",DatatypeProperty,,http://purl.org/goodrelations/v1/hasEAN_UCC-13,2026-07-23T22:28:42.091037
,hasGTIN-14,has GTIN-14 (0..*),The Global Trade Item Number (GTIN-14) of the given gr:ProductOrService or gr:Offering.,DatatypeProperty,,http://purl.org/goodrelations/v1/hasGTIN-14,2026-07-23T22:28:42.091037
,hasGTIN-8,has GTIN-8 (0..*),"The 8-digit Global Trade Item Number (GTIN-8) of the given gr:ProductOrService or gr:Offering, also known as EAN/UCC-8 (8-digit EAN).",DatatypeProperty,,http://purl.org/goodrelations/v1/hasGTIN-8,2026-07-23T22:28:42.091037
,hasGlobalLocationNumber,has Global Location Number (0..1),"The Global Location Number (GLN, sometimes also referred to as International Location Number or ILN) of the respective gr:BusinessEntity or gr:Location.
The Global Location Number is a thirteen-digit number used to identify parties and physical locations.",DatatypeProperty,,http://purl.org/goodrelations/v1/hasGlobalLocationNumber,2026-07-23T22:28:42.091037
,hasISICv4,has ISIC v4 (0..*),"The International Standard of Industrial Classification of All Economic Activities (ISIC), Revision 4 code for a particular gr:BusinessEntity or gr:Location. See http://unstats.un.org/unsd/cr/registry/isic-4.asp for more information.

Note: While ISIC codes are sometimes misused for classifying products or services, they are designed and suited only for classifying business establishments.",DatatypeProperty,,http://purl.org/goodrelations/v1/hasISICv4,2026-07-23T22:28:42.091037
,hasMPN,has MPN (0..*),"The Manufacturer Part Number or MPN is a unique identifier for a product, service, or bundle from the perspective of a particular manufacturer. MPNs can be assigned to products or product datasheets, or bundles. Accordingly, the domain of this property is the union of gr:ProductOrService (the common superclass of goods and datasheets), and gr:Offering.

Important: Be careful when assuming two products or services instances or offering instances to be identical based on the MPN. Since MPNs are un",DatatypeProperty,,http://purl.org/goodrelations/v1/hasMPN,2026-07-23T22:28:42.091037
,hasNAICS,has NAICS (0..*),"The North American Industry Classification System (NAICS) code for a particular gr:BusinessEntity.
See http://www.census.gov/eos/www/naics/ for more details.

Note: While NAICS codes are sometimes misused for classifying products or services, they are designed and suited only for classifying business establishments.",DatatypeProperty,,http://purl.org/goodrelations/v1/hasNAICS,2026-07-23T22:28:42.091037
,hasStockKeepingUnit,has Stock Keeping Unit (0..*),"The Stock Keeping Unit, or SKU is a unique identifier for a product, service, or bundle from the perspective of a particular supplier, i.e. SKUs are mostly assigned and serialized at the merchant level. 
Examples of SKUs are the ordering or parts numbers used by a particular Web shop or catalog.

Consequently, the domain of gr:hasStockKeepingUnit is the union of the classes gr:Offering and gr:ProductOrService. 
If attached to a gr:Offering, the SKU will usually reflect a merchant-specific identi",DatatypeProperty,,http://purl.org/goodrelations/v1/hasStockKeepingUnit,2026-07-23T22:28:42.091037
,hasUnitOfMeasurement,has unit of measurement (1..1),"The unit of measurement for a gr:QuantitativeValue, a gr:UnitPriceSpecification, or a gr:TypeAndQuantityNode given using the UN/CEFACT Common Code (3 characters).",DatatypeProperty,,http://purl.org/goodrelations/v1/hasUnitOfMeasurement,2026-07-23T22:28:42.091037
,hasValue,has value (0..1),This subproperty specifies that the upper and lower limit of the given gr:QuantitativeValue are identical and have the respective value. It is a shortcut for such cases where a quantitative property is (at least practically) a single point value and not an interval.,DatatypeProperty,,http://purl.org/goodrelations/v1/hasValue,2026-07-23T22:28:42.091037
,hasValueFloat,has value float (0..1),This subproperty specifies that the upper and lower limit of the given gr:QuantitativeValueFloat are identical and have the respective float value. It is a shortcut for such cases where a quantitative property is (at least practically) a single point value and not an interval.,DatatypeProperty,,http://purl.org/goodrelations/v1/hasValueFloat,2026-07-23T22:28:42.091037
,hasValueInteger,has value integer (0..1),This subproperty specifies that the upper and lower limit of the given gr:QuantitativeValueInteger are identical and have the respective integer value. It is a shortcut for such cases where a quantitative property is (at least practically) a single point value and not an interval.,DatatypeProperty,,http://purl.org/goodrelations/v1/hasValueInteger,2026-07-23T22:28:42.091037
,isListPrice,is list price (DEPRECATED),"This boolean attribute indicates whether a gr:UnitPriceSpecification is a list price (usually a vendor recommendation) or not. ""true""  indicates it is a list price, ""false"" indicates it is not.
DEPRECATED. Use the gr:priceType property instead.",DatatypeProperty,,http://purl.org/goodrelations/v1/isListPrice,2026-07-23T22:28:42.091037
,legalName,legal name (0..1),The legal name of the gr:BusinessEntity.,DatatypeProperty,,http://purl.org/goodrelations/v1/legalName,2026-07-23T22:28:42.091037
,opens,opens (1..1),"The opening hour of the gr:Location on the given gr:DayOfWeek.
If no time-zone suffix is included, the time is given in the local time valid at the gr:Location.

For a time in GMT/UTC, simply add a ""Z"" following the time:

09:30:10Z.

Alternatively, you can specify an offset from the UTC time by adding a positive or negative time following the time:

09:30:10-09:00

or

09:30:10+09:00.

Note 1: Use 00:00:00 for the first second of the respective day and 23:59:59 for the last second of that day.
",DatatypeProperty,,http://purl.org/goodrelations/v1/opens,2026-07-23T22:28:42.091037
,priceType,price type (0..1),"This attribute can be used to distinguish multiple different price specifications for the same gr:Offering. It supersedes the former gr:isListPrice property. The following values are recommended:

The absence of this property marks the actual sales price.

SRP: ""suggested retail price"" - applicable for all sorts of a non-binding retail price recommendations, e.g. such published by the manufacturer or the distributor. This value replaces the former gr:isListPrice property.

INVOICE: The invoice p",DatatypeProperty,,http://purl.org/goodrelations/v1/priceType,2026-07-23T22:28:42.091037
,serialNumber,serial number (0..*),"The serial number or any alphanumeric identifier of a particular product. Note that serial number are unique only for the same brand or the same model, so you cannot infer from two occurrences of the same serial number that the objects to which they are attached are identical.

This property can also be attached to a gr:Offering in cases where the included products are not modeled in more detail.",DatatypeProperty,,http://purl.org/goodrelations/v1/serialNumber,2026-07-23T22:28:42.091037
,taxID,Tax ID (0..1),"The Tax / Fiscal ID of the gr:BusinessEntity, e.g. the TIN in the US or the CIF/NIF in Spain. It is usually assigned by the country of residence",DatatypeProperty,,http://purl.org/goodrelations/v1/taxID,2026-07-23T22:28:42.091037
,validFrom,valid from (0..1),"This property specifies the beginning of the validity of the gr:Offering, gr:PriceSpecification, gr:License, or gr:OpeningHoursSpecification.
A time-zone should be specified. For a time in GMT/UTC, simply add a ""Z"" following the time:

2008-05-30T09:30:10Z.

Alternatively, you can specify an offset from the UTC time by adding a positive or negative time following the time:

2008-05-30T09:30:10-09:00

or

2008-05-30T09:30:10+09:00.

Note: If multiple contradicting instances of a gr:Offering, gr:P",DatatypeProperty,,http://purl.org/goodrelations/v1/validFrom,2026-07-23T22:28:42.091037
,validThrough,valid through (0..1),"This property specifies the end of the validity of the gr:Offering, gr:PriceSpecification, gr:License, or gr:OpeningHoursSpecification.
A time-zone should be specified. For a time in GMT/UTC, simply add a ""Z"" following the time:

2008-05-30T09:30:10Z.

Alternatively, you can specify an offset from the UTC time by adding a positive or negative time following the time:

2008-05-30T09:30:10-09:00

or
2008-05-30T09:30:10+09:00.

Note 1: If multiple contradicting instances of a gr:Offering, gr:PriceS",DatatypeProperty,,http://purl.org/goodrelations/v1/validThrough,2026-07-23T22:28:42.091037
,valueAddedTaxIncluded,value added tax included (0..1),"This property specifies whether the applicable value-added tax (VAT)  is included in the price of the gr:PriceSpecification or not.

Note: This is a simple representation which may not properly reflect all details of local taxation.",DatatypeProperty,,http://purl.org/goodrelations/v1/valueAddedTaxIncluded,2026-07-23T22:28:42.091037
,vatID,VAT ID (0..1),The Value-added Tax ID of the gr:BusinessEntity. See http://en.wikipedia.org/wiki/Value_added_tax_identification_number for details.,DatatypeProperty,,http://purl.org/goodrelations/v1/vatID,2026-07-23T22:28:42.091037
,datatypeProductOrServiceProperty,datatype product or service property (0..*),"This property is the super property for all pure datatype properties that can be used to describe a gr:ProductOrService.

In products and services ontologies, only such properties that are no quantitative properties and that have no predefined gr:QualitativeValue instances are subproperties of this property. In practice, this refers to a few integer properties for which the integer value represents qualitative aspects, for string datatypes (as long as no predefined values exist), for boolean dat",DatatypeProperty,,http://purl.org/goodrelations/v1/datatypeProductOrServiceProperty,2026-07-23T22:28:42.091037
,description,description (0..1),"A short textual description of the resource. 

This property is semantically equivalent to rdfs:comment and just meant as a handy shortcut for marking up data.",DatatypeProperty,,http://purl.org/goodrelations/v1/description,2026-07-23T22:28:42.091037
,hasMaxCurrencyValue,has max currency value (1..1),"This property specifies the UPPER BOUND of the amount of money for a price RANGE per unit, shipping charges, or payment charges. The currency and other relevant details are attached to the respective gr:PriceSpecification etc.
For a gr:UnitPriceSpecification, this is the UPPER BOUND for the price for one unit or bundle (as specified in the unit of measurement of the unit price specification) of the respective gr:ProductOrService. For a gr:DeliveryChargeSpecification or a gr:PaymentChargeSpecific",DatatypeProperty,,http://purl.org/goodrelations/v1/hasMaxCurrencyValue,2026-07-23T22:28:42.091037
,hasMaxValueFloat,has max value float (1..1),This property captures the upper limit of a gr:QuantitativeValueFloat instance.,DatatypeProperty,,http://purl.org/goodrelations/v1/hasMaxValueFloat,2026-07-23T22:28:42.091037
,hasMaxValueInteger,has max value integer (1..1),This property captures the upper limit of a gr:QuantitativeValueInteger instance.,DatatypeProperty,,http://purl.org/goodrelations/v1/hasMaxValueInteger,2026-07-23T22:28:42.091037
,hasMinCurrencyValue,has min currency value (1..1),"This property specifies the LOWER BOUND of the amount of money for a price RANGE per unit, shipping charges, or payment charges. The currency and other relevant details are attached to the respective gr:PriceSpecification etc.
For a gr:UnitPriceSpecification, this is the LOWER BOUND for the price for one unit or bundle (as specified in the unit of measurement of the unit price specification) of the respective gr:ProductOrService. For a gr:DeliveryChargeSpecification or a gr:PaymentChargeSpecific",DatatypeProperty,,http://purl.org/goodrelations/v1/hasMinCurrencyValue,2026-07-23T22:28:42.091037
,hasMinValueFloat,has min value float (1..1),This property captures the lower limit of a gr:QuantitativeValueFloat instance.,DatatypeProperty,,http://purl.org/goodrelations/v1/hasMinValueFloat,2026-07-23T22:28:42.091037
,hasMinValueInteger,has min value integer (1..1),This property captures the lower limit of a gr:QuantitativeValueInteger instance.,DatatypeProperty,,http://purl.org/goodrelations/v1/hasMinValueInteger,2026-07-23T22:28:42.091037
,name,name (0..1),"A short text describing the respective resource.

This property is semantically equivalent to dcterms:title and rdfs:label and just meant as a handy shortcut for marking up data.",DatatypeProperty,,http://purl.org/goodrelations/v1/name,2026-07-23T22:28:42.091037
,hasMaxValue,has max value (0..1),This property captures the upper limit of a gr:QuantitativeValue instance.,DatatypeProperty,,http://purl.org/goodrelations/v1/hasMaxValue,2026-07-23T22:28:42.091037
,hasMinValue,has min value (0..1),This property captures the lower limit of a gr:QuantitativeValue instance.,DatatypeProperty,,http://purl.org/goodrelations/v1/hasMinValue,2026-07-23T22:28:42.091037
